backend,backend_key,n,status,fit_s,loglik_s,predict_s,update_s,wall_s,ll,ll_native,ll_comparable,rmse,q2,dloglik_n,dmean_rms
libKriging-Cholesky-BLAS,chol,250,ok,0.007151999976485968,0.00890129990875721,0.005366000114008784,0.004215899854898453,0.17706339992582798,-317.2408530908763,-317.2408530908763,True,0.47726526621439047,0.8951942088308928,0.0,0.0
libKriging-Cholesky-BLAS,chol,500,ok,0.02473489986732602,0.03342329990118742,0.01062020007520914,0.01322299987077713,0.5545391999185085,-463.2219780805967,-463.2219780805967,True,0.3401809738091629,0.946754162448549,0.0,0.0
libKriging-Cholesky-BLAS,chol,1000,ok,0.22922639991156757,0.23628879990428686,0.02444039983674884,0.05328889982774854,4.156120300060138,-512.8573548380691,-512.8573548380691,True,0.21110003711061393,0.9794958277266366,0.0,0.0
libKriging-Cholesky-BLAS,chol,2000,ok,0.539803700055927,0.7439606001134962,0.06460050004534423,0.20332730002701283,11.10947489994578,-60.626782673358434,-60.626782673358434,True,0.0955220663189642,0.9958017041492881,0.0,0.0
libKriging-Cholesky-BLAS,chol,4000,ok,1.967950199963525,3.282001500017941,0.18648790009319782,0.8662605001591146,29.495369900017977,2183.7686872253726,2183.7686872253726,True,0.042143014974619725,0.9991828216958988,0.0,0.0
libKriging-Iterative-HIP,iter-hip,250,ok,0.020275099901482463,0.0211492998059839,0.012972600059583783,0.02072350005619228,1.4921967999543995,-316.215615085762,-316.215615085762,True,0.47726703530781805,0.8951934318559354,0.004100952020457271,0.000218770352323316
libKriging-Iterative-HIP,iter-hip,500,ok,0.025728899985551834,0.029471300076693296,0.04693559999577701,0.02791479998268187,0.8067224998958409,-458.72409197321497,-458.72409197321497,True,0.34018468732314605,0.9467529999482521,0.00899577221476352,0.00028728431055983345
libKriging-Iterative-HIP,iter-hip,1000,ok,0.05044030002318323,0.0708869001828134,0.10017680004239082,0.05309049994684756,1.6929060998372734,-510.84676977178344,-510.84676977178344,True,0.21109571476762262,0.9794966673774411,0.002010585066285671,0.00040308541532466314
libKriging-Iterative-HIP,iter-hip,2000,ok,0.12078440003097057,0.274413000093773,0.23883060016669333,0.13269370002672076,4.509774399921298,-64.86282156705477,-64.86282156705477,True,0.09552028140284699,0.9958018610457249,0.0021180194468481657,0.0005409905535071114
libKriging-Iterative-HIP,iter-hip,4000,ok,0.6366143999621272,2.6707207998260856,0.7357840000186116,0.6988845001906157,27.076596700120717,2133.2708832757817,2133.2708832757817,True,0.04214653927366929,0.9991826850136446,0.012624450987397721,0.00041848547047027766
libKriging-Iterative-OpenMP,iter-omp,250,ok,0.21889039990492165,0.22352429991587996,0.0078066999558359385,0.2229257000144571,4.495235099922866,-316.2156150857621,-316.2156150857621,True,0.47726365717705854,0.8951949155076961,0.0041009520204568165,0.00018687575307869796
libKriging-Iterative-OpenMP,iter-omp,500,ok,1.2586884000338614,2.5161959000397474,0.020611099898815155,1.831690700026229,32.816404099809006,-458.72363162417594,-458.72363162417594,True,0.34018189296900797,0.9467538747105173,0.00899669291284158,0.0002989078094000179
libKriging-Iterative-OpenMP,iter-omp,1000,ok,4.414130700053647,9.346869500121102,0.04438480013050139,2.7302425000816584,26.936045299982652,-510.84711989840827,-510.84711989840827,True,0.211106309923091,0.9794946091504546,0.0020102349396608475,0.00035543255317510005
libKriging-Iterative-OpenMP,iter-omp,2000,ok,29.66593030001968,50.28164239996113,0.10016709985211492,14.060541100101545,123.54352069995366,-64.86776740597747,-64.86776740597747,True,0.0955216308085076,0.9958017424314913,0.00212049236630952,0.00036607793457580517
libKriging-Iterative-OpenMP,iter-omp,4000,ok,104.74960809992626,217.8497911999002,0.27249580016359687,65.28204850014299,499.84100679983385,2133.2678780613132,2133.2678780613132,True,0.04214151033478672,0.9991828800465924,0.01262520229101483,0.00035220823687403695
