backend,backend_key,n,status,fit_s,loglik_s,predict_s,update_s,wall_s,ll,ll_native,ll_comparable,rmse,q2,dloglik_n,dmean_rms
libKriging-Cholesky-OpenBLAS,chol,250,ok,0.009677681999164633,0.010768603002361488,0.007857183998567052,0.004661273000237998,0.2570662590005668,-317.2408530908763,-317.2408530908763,True,0.4772652662143905,0.8951942088308928,0.0,0.0
libKriging-Cholesky-OpenBLAS,chol,500,ok,0.04176721100520808,0.047032480004418176,0.022633456996118184,0.01772988599987002,1.0164738530002069,-463.2219780805967,-463.2219780805967,True,0.3401809738091629,0.946754162448549,0.0,0.0
libKriging-Cholesky-OpenBLAS,chol,1000,ok,0.15641534500173293,0.16990494100173237,0.04225789400516078,0.08084191499801818,3.1845963200030383,-512.8573548380691,-512.8573548380691,True,0.21110003711061393,0.9794958277266366,0.0,0.0
libKriging-Cholesky-OpenBLAS,chol,2000,ok,0.5418859830024303,0.5967479750033817,0.06827913699817145,0.34565488399675814,11.299473433995445,-60.62678267335809,-60.62678267335809,True,0.09552206631896412,0.9958017041492881,0.0,0.0
libKriging-Cholesky-OpenBLAS,chol,4000,ok,2.592135203005455,2.78793983200012,0.19844344900047872,1.6397753579949494,50.52926221499365,2183.7686872253726,2183.7686872253726,True,0.042143014974619586,0.9991828216958988,0.0,0.0
libKriging-Cholesky-OpenBLAS,chol,8000,ok,15.193105747996015,16.11068454600172,0.6823869360014214,11.153928498999448,62.36454586699983,9751.610210172825,9751.610210172825,True,0.021679653933697314,0.9997837429305018,0.0,0.0
libKriging-Iterative-CUDA,iter-cuda,250,ok,0.019730268999410328,0.02283845000056317,0.020283412995922845,0.018968554999446496,0.6044097580015659,-316.2156150857621,-316.2156150857621,True,0.47726365717705893,0.8951949155076959,0.0041009520204568165,0.00018687575306755233
libKriging-Iterative-CUDA,iter-cuda,500,ok,0.03164929600461619,0.045179603999713436,0.03990913899906445,0.052057540000532754,1.1307166070037056,-458.7240868068665,-458.7240868068665,True,0.3401804203556389,0.9467543357038145,0.008995782547460408,0.00027874441730724506
libKriging-Iterative-CUDA,iter-cuda,1000,ok,0.1258635949998279,0.30821260700031416,0.07062666099955095,0.13318139599869028,3.968478155002231,-510.84064472692364,-510.84064472692364,True,0.21109803697804702,0.9794962162710348,0.0020167101111454714,0.000521474607448399
libKriging-Iterative-CUDA,iter-cuda,2000,ok,0.26895080299436813,0.9217471340016345,0.11196350500540575,0.2674176360014826,9.55925608700636,-64.84511190407625,-64.84511190407625,True,0.09551898097308426,0.9958019753533379,0.0021091646153590772,0.0004912026552687959
libKriging-Iterative-CUDA,iter-cuda,4000,ok,1.3467083319992526,12.714599754996016,0.25856497500353726,1.0179209299967624,32.925988108996535,2133.367202461567,2133.367202461567,True,0.042156064218562085,0.9991823155522361,0.012600371190951363,0.0005375863385603059
libKriging-Iterative-CUDA,iter-cuda,8000,ok,10.51301922199491,265.20367783499387,0.4466983010061085,6.820583952998277,297.11028901600366,9305.93347025742,9305.93347025742,True,0.021694340071191667,0.9997834498394038,0.055709592489425634,0.0006879738524938006
libKriging-Iterative-OpenMP,iter-omp,250,ok,0.06941731299593812,0.07816289699985646,0.036169293998682406,0.05536268499417929,1.7756714619972627,-316.21561508576207,-316.21561508576207,True,0.47726365717705865,0.895194915507696,0.004100952020457044,0.00018687575307598685
libKriging-Iterative-OpenMP,iter-omp,500,ok,0.07513928399566794,0.1010457989978022,0.08735514499858255,0.08899643999757245,2.7873369949957123,-458.72390364425905,-458.72390364425905,True,0.34018140722882384,0.9467540267689588,0.00899614887267535,0.00029207565635006673
libKriging-Iterative-OpenMP,iter-omp,1000,ok,0.20339537099789595,0.30951022199587896,0.13911313899734523,0.18739595700026257,5.948777302000963,-510.8410502112208,-510.8410502112208,True,0.2110967641644543,0.9794964635250247,0.002016304626848296,0.0003733639505259777
libKriging-Iterative-OpenMP,iter-omp,2000,ok,0.667782915996213,1.5976644399997895,0.27364182499877643,0.562273188996187,23.484899286995642,-64.84414903949346,-64.84414903949346,True,0.09552752708945637,0.9958012241222893,0.002108683183067683,0.00030625427296054756
libKriging-Iterative-OpenMP,iter-omp,4000,ok,3.7754768369995872,20.964030863004155,0.5348989150006673,2.2914532190043246,57.521430241002236,2133.2467222156847,2133.2467222156847,True,0.042130295530629296,0.9991833148967354,0.012630491252421962,0.0005937140870307939
libKriging-Iterative-OpenMP,iter-omp,8000,ok,37.05614033200254,397.6082591719969,1.4274969159960165,16.236719776003156,500.86975159999565,9306.206957604216,9306.206957604216,True,0.02171180174803834,0.9997831010986078,0.05567540657107611,0.0006918381042455537
GPyTorch-BBMM-CUDA,gpt-cuda,250,ok,0.1679718130035326,0.1365090660037822,0.13874109099560883,,2.506067398004234,-326.541901543182,-1.3075668317709985,True,0.4772667930960709,0.8951935382340158,0.03720419380922271,0.0002525814417963353
GPyTorch-BBMM-CUDA,gpt-cuda,500,ok,0.16559248499834212,0.17059163199883187,0.15499477100092918,,2.6629583280009683,-459.80397704413986,-0.9850066339437772,True,0.34017441573994867,0.9467562153941812,0.0068360020729137435,0.00039193444688271327
GPyTorch-BBMM-CUDA,gpt-cuda,1000,ok,0.7352343720049248,0.7544932509990758,0.18341881499509327,,8.5553483610056,-885.4154310050315,-1.1000294143942957,True,0.21110037315947902,0.9794957624456504,0.37255807616696235,0.00028907170258273484
GPyTorch-BBMM-CUDA,gpt-cuda,2000,ok,2.1835361250050482,2.239422419006587,0.39273550100188004,,24.529205161998107,-602.0286402640495,-0.7188603627690097,True,0.09551426122072605,0.9958023902059046,0.2707009287953457,0.0006300725948768472
GPyTorch-BBMM-CUDA,gpt-cuda,4000,ok,18.317307679004443,18.48600873599935,1.87389488700137,,47.94810956399306,1540.3836823506308,-0.2815086839003259,True,0.04213493705890396,0.9991831349371239,0.16084625121868543,0.00025152322159881896
GPyTorch-BBMM-CUDA,gpt-cuda,8000,"error: OutOfMemoryError('CUDA out of memory. Tried to allocate 490.00 MiB. GPU 0 has a total capacity of 3.95 GiB of which 434.12 MiB is free. Including non-PyTorch memory, this process has 3.52 GiB memory in use. Of the allocated memory 2.88 GiB is allocated by PyTorch, and 19.06 MiB is reserved by PyTorch but unallocated. If reserved but unallocated memory is large try setting PYTORCH_CUDA_ALLOC_CONF=expandable_segments:True to avoid fragmentation.  See documentation for Memory Management  (https://pytorch.org/docs/stable/notes/cuda.html#environment-variables)')",,,,,175.5081931320019,,,,,,,
GPyTorch-BBMM-MKL,gpt-cpu,250,ok,0.08563572400453268,0.08010375100275269,0.09017336000397336,,1.406379100997583,-318.7181273963491,-1.276271645964825,True,0.47726339572954435,0.8951950303332057,0.0059090972218909885,0.00025418852373359157
GPyTorch-BBMM-MKL,gpt-cpu,500,ok,0.11935993299994152,0.14082907100237207,0.1291252480004914,,2.29488755499915,-487.9890792452607,-1.0413789057067133,True,0.3401849750233162,0.9467529098843661,0.04953420232932797,0.00031617014781248426
GPyTorch-BBMM-MKL,gpt-cpu,1000,ok,0.3603394829988247,0.38211347600008594,0.1971119039953919,,5.070537898005568,-892.066429529481,-1.106682942960495,True,0.21110449603432618,0.9794949615258839,0.37920907469141185,0.0003409430434523475
GPyTorch-BBMM-MKL,gpt-cpu,2000,ok,1.2764528840052662,1.3624365759969805,0.7181911169973318,,18.866220657997474,-584.8384721798934,-0.7102656613432196,True,0.0955131835560357,0.9958024849266359,0.26210584475326765,0.0005066318146485914
GPyTorch-BBMM-MKL,gpt-cpu,4000,ok,8.47125312800199,11.40436891799618,5.078397525001492,,29.52103469699796,1552.4019131817709,-0.27850045267001255,True,0.04215048481936504,0.999182531980697,0.15784169351090044,0.0003013062143424293
GPyTorch-BBMM-MKL,gpt-cpu,8000,ok,90.53485408800043,83.77543475599668,38.7145221880055,,249.47771675900003,8929.337842929075,0.17073456794560865,True,0.021663840932221946,0.9997840582885075,0.1027840459054687,0.0004072118309699939
GPyTorch-Cholesky-CUDA,gpt-chol-cuda,250,ok,0.009129568003118038,0.00901928899838822,0.011111340994830243,,0.16967759300314356,-317.24085440263946,-1.2703625081881866,True,0.47726526995452423,0.8951942071882522,5.247052513368544e-09,1.4595514908585375e-08
GPyTorch-Cholesky-CUDA,gpt-chol-cuda,500,ok,0.011559434002265334,0.028382741002133116,0.027461468998808414,,0.35839760899398243,-463.22198276646,-0.9918444558788645,True,0.3401809770292285,0.9467541614405262,9.371726491735898e-09,9.542381905489628e-09
GPyTorch-Cholesky-CUDA,gpt-chol-cuda,1000,ok,0.03333372499764664,0.14096760700340383,0.10504665799817303,,1.447039794002194,-512.857371900413,-0.7274707938319804,True,0.21110004037876273,0.9794958270917652,1.706234388620942e-08,1.570797006405593e-08
GPyTorch-Cholesky-CUDA,gpt-chol-cuda,2000,ok,0.14409361300204182,0.8926816820021486,0.5450084630065248,,8.081855907999852,-60.62685463824528,-0.4481605436841396,True,0.09552206945051259,0.9958017038740185,3.59824435918199e-08,2.07085380009306e-08
GPyTorch-Cholesky-CUDA,gpt-chol-cuda,4000,ok,0.7741495660011424,6.232854822999798,3.2076600859945756,,14.108428854000522,2183.768340296163,-0.12066065994186477,True,0.04214301809856858,0.9991828215747482,8.673230240674457e-08,4.0759881562288986e-08
GPyTorch-Cholesky-CUDA,gpt-chol-cuda,8000,"error: OutOfMemoryError('CUDA out of memory. Tried to allocate 490.00 MiB. GPU 0 has a total capacity of 3.95 GiB of which 436.12 MiB is free. Including non-PyTorch memory, this process has 3.51 GiB memory in use. Of the allocated memory 2.88 GiB is allocated by PyTorch, and 17.32 MiB is reserved by PyTorch but unallocated. If reserved but unallocated memory is large try setting PYTORCH_CUDA_ALLOC_CONF=expandable_segments:True to avoid fragmentation.  See documentation for Memory Management  (https://pytorch.org/docs/stable/notes/cuda.html#environment-variables)')",,,,,5.296198923999327,,,,,,,
GPyTorch-Cholesky-MKL,gpt-chol-cpu,250,ok,0.0058926350029651076,0.006233351996343117,0.009916145994793624,,0.11882189199968707,-317.24085440263946,-1.2703625081881866,True,0.4772652699545242,0.8951942071882522,5.247052513368544e-09,1.4595513703652036e-08
GPyTorch-Cholesky-MKL,gpt-chol-cpu,500,ok,0.008297156004118733,0.015137094997044187,0.017444758996134624,,0.24423504999867873,-463.2219827664599,-0.9918444558788644,True,0.34018097702922834,0.9467541614405263,9.371726378049062e-09,9.542383712889635e-09
GPyTorch-Cholesky-MKL,gpt-chol-cpu,1000,ok,0.03562557500117691,0.0839694909955142,0.0601093849982135,,0.9801377309995587,-512.857371900413,-0.7274707938319804,True,0.2111000403787627,0.9794958270917652,1.706234388620942e-08,1.5707970214672597e-08
GPyTorch-Cholesky-MKL,gpt-chol-cpu,2000,ok,0.1847660419953172,0.4618746560008731,0.2944325219941675,,5.069426807000127,-60.62685463824505,-0.4481605436841396,True,0.09552206945051243,0.9958017038740185,3.598244347813306e-08,2.07085375490806e-08
GPyTorch-Cholesky-MKL,gpt-chol-cpu,4000,ok,0.8689478200030862,2.936330122000072,1.5620530110027175,,19.291954890999477,2183.768340296164,-0.12066065994186453,True,0.042143018098568644,0.9991828215747482,8.67323021793709e-08,4.0759881562288986e-08
GPyTorch-Cholesky-MKL,gpt-chol-cpu,8000,ok,4.081471259996761,18.162318444003176,8.356951677997131,,34.95792587800679,9751.608223848087,0.27352037796497325,True,0.021679660561626343,0.999783742798273,2.4829059225339736e-07,5.242679192143157e-08
